Serial Number,Year,Web Link,PDF,Title,DOI,Type,Topic,Language Page,Author,Keywords,Summary,Copy Banner
Policy Brief No. 1,April 2020,https://cutt.ly/cipspb1,https://cutt.ly/CIPS-PolicyBrief1,Indonesian Food Trade Policy during COVID-19,,Policy Brief,Food Trade & Agriculture,English,Felippa Amanta & Ira Aprilianti,"covid-19, covid19, coronavirus, pippa, ira, import licensing, spi, McKibbin & Fernando, food prices, Ministry of Trade, Importer Identification Number, Ministry of Foreign Affairs, Dynamic Stochastic General Equilibrium modeling","Indonesia’s food security is getting precarious. As COVID-19 spreads, supply chains are being significantly disrupted and is slowing down Indonesia's agricultural production and distribution. Indonesia’s poor are being hit hard and are seeing rising food prices, loss of income and unemployment. 

Moreover, Ministry of Trade regulations require importers to state the country of origin when applying for permits. Therefore, importers cannot ﬂexibly ﬁnd new supplies when export countries close their border during Covid-19. This exacerbates food security risks, causes shortages, and increases prices in Indonesia.

CIPS’ Indonesian Food Trade Policy during COVID-19 Policy Brief outlines three possible trade policy scenarios and their likely consequences on Indonesia’s food prices. It includes four policy recommendations to Indonesian policymakers that aim to ensure Indonesians remain food secure during and beyond COVID-19. ","As COVID-19 spreads, supply chains are being significantly disrupted and is slowing down Indonesia's agricultural production and distribution. Indonesia’s poor are being hit hard and face rising food prices, loss of income, and unemployment. We’ve outlined four policy recommendations with the aim to ensure Indonesians remain food secure during and beyond COVID-19. "
Ringkasan Kebijakan No. 1,April 2020,https://cutt.ly/cipsrk1,https://cutt.ly/CIPS-RingkasanKebijakan1,Kebijakan Perdagangan Pangan Indonesia saat Covid-19,,Ringkasan Kebijakan,Food Trade & Agriculture,Indonesia,Felippa Amanta & Ira Aprilianti,"covid-19, corona virus, virus corona, covid10, pippa, ira, linsensi impor, spi, McKibbin & Fernandi, harga pangan, Kementerian Perdagangan, Kementerian Pertanian, Kementerian Luar Negeri, ringkasan kebijakan cips, kebijakan pangan, Dynamic Stochastic General Equilibrium modeling","Ketahanan pangan Indonesia berada dalam keadaan genting. Seiring dengan menyebarnya Covid-19, rantai suplai menjadi sangat terganggu dan memperlambat produksi, serta distribusi agrikultur Indonesia. Masyarakat prasejahtera menjadi yang paling merasakannya sebab mereka dihadapkan dengan kenaikan harga bahan pangan, kehilangan penghasilan, dan pengangguran.

Dalam Ringkasan Kebijakan Perdagangan Pangan Indonesia pada Masa Pandemi Covid-19 ini, CIPS menguraikan tiga skenario kebijakan perdagangan dan kemungkinan dampaknya terhadap harga pangan di Indonesia. Di sini kami juga memberika empat rekomendasi kebijakan untuk para pembuat kebijakan di Indonesia yang bertujuan untuk memastikan ketersediaan pangan untuk rakyat Indonesia selama dan setelah pandemi Covid-19.","Menyebarnya Covid-19 telah sangat mengganggu rantai suplai dan memperlambat produksi serta distribusi agrikultur Indonesia. Masyarakat prasejahtera menjadi paling terdampak, mereka dihadapkan dengan kenaikan harga bahan pangan, kehilangan penghasilan, dan pengangguran. CIPS menguraikan empat rekomendasi kebijakan yang ditujukan untuk memastikan ketersediaan pangan untuk rakyat Indonesia selama dan setelah pandemi Covid-19."
Policy Brief No. 2,May 2020,https://cutt.ly/cipspb2,https://cutt.ly/CIPS-PolicyBrief2,Addressing Distance Learning Barriers in Indonesia Amid the Covid-19 Pandemic,,Policy Brief,Education,English,Nadia Fairuza,"covid-19, covid19, corona virus, nadia fairuza, distance learning, online learning, low cost private schools,","Covid-19 pandemic has disrupted the learning of millions of Indonesian students as schools shutdown in a measure to prevent the spread of the virus. Students and educators now rely on technology for distance learning. However, uneven access to the internet, disparity in teacher qualifications and education quality, and the lack of digital skills are huge hurdles to implementing distance learning. This is especially felt amongst poorer communities who already lack access to these things.

The latest policy brief by CIPS outlines vulnerabilities in Indonesia’s distance learning efforts as well as  initiatives by the Indonesian government and the private sector. It also outlines six policy recommendations for Indonesian policymakers that aim to improve the implementation of distance learning during school shutdowns.","Covid-19 pandemic has caused millions of Indonesian students and teachers to rely on technology for distance learning. Uneven access to the internet, disparity in teacher qualifications and education quality, and the lack of digital skills are challenging the implementation of distance learning. We’ve outlined six policy recommendations that aim to improve the implementation of distance learning in Indonesia."
Ringkasan Kebijakan No. 2,Mei 2020,https://cutt.ly/cipsrk2,https://cutt.ly/CIPS-RingkasanKebijakan2,Mengkaji Hambatan Pembelajaran Jarak Jauh di Indonesia di Masa Pandemi Covid-19,,Ringkasan Kebijakan,Pendidikan ,Indonesia,Nadia Fairuza,,"Pandemi Covid-19 telah menghambat proses belajar jutaan siswa di Indonesia karena sekolah-sekolah harus ditutup demi pencegahan. Para siswa dan tenaga pendidik sekarang bergantung pada teknologi untuk proses belajar jarak jauh. Akan tetapi, penerapan belajar jarak jauh berhadapan dengan tantangan-tantangan yang besar seperti tidak meratanya akses terhadap internet, perbedaan kualifikasi para guru dan kualitas pendidikan, serta kurangnya literasi digital. Kesulitan-kesulitan ini paling dirasakan oleh masyarakat prasejahtera, yang memang sudah selalu kekurangan akses terhadap hal-hal tersebut.

Makalah kebijakan CIPS yang terbaru memaparkan berbagai kelemahan dalam upaya-upaya belajar jarak jauh dan berbagai inisiatif yang telah dilakukan oleh pemerintah dan sektor swasta. Makalah ini juga memberikan enam rekomendasi kebijakan kepada para pembuat kebijakan Indonesia yang bertujuan untuk meningkatkan penerapan belajar jarak jauh selama sekolah-sekolah ditutup.","Pandemi Covid-19 telah menyebabkan jutaan siswa dan guru Indonesia bergantung pada teknologi untuk menerapkan proses belajar jarak jauh. Tidak meratanya akses terhadap internet, perbedaan kualifikasi para guru dan kualitas pendidikan, serta kurangnya literasi digital merupakan tantangan-tantangan dalam penerapan belajar jarak jauh tersebut. Kami telah memaparkan enam rekomendasi kebijakan yang bertujuan untuk meningkatkan penerapan belajar jarah jauh di Indonesia."
Policy Brief No. 3,Mei 2020,https://cutt.ly/cipspb3,https://cutt.ly/CIPS-PolicyBrief3,Mitigating Food Supply Chain Disruptions Amid Covid-19,,Policy Brief,Food Trade & Agriculture,English,"Arianto Patunru, Galuh Octania, & Pingkan Audrine","Mitigating Food Supply Chain Disruptions amidst COVID-19 Restrictions, covid19, psbb, lockdown, ministry of transporation, ministry of industry, The Ministry
of State-Owned Enterprises, arianto patunru, galuh octania, pingkan audrine, ","The implementation of Large Scale Social Restrictions (PSBB) to prevent further spreading of Covid-19 has disrupted food production and distribution chains across Indonesia. The government is facing the difficult task of balancing the need to enforce physical distancing measures with maintaining food security where industry stakeholders are expressing challenges from increasing operational and distribution restrictions.

CIPS’ Mitigating Food Supply Chain Disruptions amidst COVID-19 Restrictions Policy Brief outlines recommended measures that can be taken by Indonesian policymakers to mitigate the risks of disruption on food distribution and consumer access to food supplies. The Brief includes an outline on food price volatility experienced before the crisis, as well as Indonesia’s existing logistical challenges that are contributing factors to Indonesia’s overall food security. ",The implementation of Large Scale Social Restriction has disrupted food production and distribution in Indonesia. The government is facing the difficult task of balancing the need to enforce physical distancing measures with maintaining food security. We’ve outlined four policy recommendations that aim to mitigate the widespread disruptions in food production and distribution.
Ringkasan Kebijakan No. 3,Mei 2020,https://cutt.ly/cipsrk3,https://cutt.ly/CIPS-RingkasanKebijakan3,Penanganan Gangguan Rantai Pasok Pangan di masa Pembatasan Sosial terkait Pandemi Covid-19,,Ringkasan Kebijakan,Food Trade & Agriculture,Indonesia,"Arianto Patunru, Galuh Octania, & Pingkan Audrine","Penanganan Gangguan Rantai Pasok Pangan di masa Pembatasan Sosial terkait Pandemi Covid-19, covid19, virus corona, psbb, pembatasan sosial berskala besar, kementerian perindustrian, kementerian perhubungan, Kementerian
Badan Usaha Milik Negara, bumn, ","Implementasi Pembatasan Sosial Berskala Besar (PSBB) untuk mencegah penyebaran Covid-19 telah mendisrupsi rantai produksi & distribusi pangan di Indonesia. Pemerintah menghadapi tugas berat dalam menyeimbangkan kebutuhan penegakkan kebijakan jaga jarak dengan sambil memastikan ketahanan pangan di mana para pelaku industri mengalami beragam tantangan dari mulai pembatasan operasional dan distribusi.

Ringkasan Kebijakan ini memaparkan rekomendasi yang dapat diterapkan oleh pembuat kebijakan Indonesia untuk memitigasi risiko disrupsi pada distribusi pangan dan akses pangan konsumen. Di sini kami memperlihatkan ketidakstabilan harga pangan sebelum pandemi, dan juga tantangan logistik Indonesia yang berkontribusi dalam keseluruhan ketahanan pangan.
",Implementasi Pembatasan Sosial Berskala Besar telah mendisrupsi produksi & distribusi pangan di Indonesia. Pemerintah menghadapi tugas yang cukup sulit untuk menyeimbangkan antara aturan jaga jarak dengan memastikan ketahanan pangan. Kami memberikan empat rekomendasi yang bertujuan untuk memitigasi menyebarnya gangguan produksi & distribusi pangan
Policy Brief No. 4,Mei 2020,https://cutt.ly/cips-pb4,https://cutt.ly/CIPS-PolicyBrief4,"Attracting FDI Post Covid-19 by
Simplifying Indonesia’s Regulatory
Framework",,Policy Brief,Community Livelihoods,English,"Arianto Patunru, Andree Surianta","FDI, investment, foreign investment, regulatory framework, ombibus law, omibus bill, ease of doing business, eodb, covid19, post covid19, corona virus, indonesia economy, economy, ANU","Restrictions to control Covid-19 spread have brought international trade and investment to a halt. Global trade is predicted to fall by 13 – 32%, while foreign direct investment (FDI) may sink even deeper by 30% and 40%. With the world headed to recession, economic recovery post COVID-19 depends on resuming, strengthening, and diversifying global trade networks and investment. In our latest policy brief, we assess Indonesia’s Omnibus Bill initiative and outline several recommendations to support making Indonesia more attractive to investments that might open Indonesians to more job prospects, and bring innovation and growth to domestic industries.","With the world headed to recession, economic recovery post COVID-19 depends on resuming, strengthening, and diversifying global trade networks and investment. Southeast Asia has been an attractive region for foreign investment, but Indonesia remains uncompetitive. In our latest policy brief, we outline several recommendations to support making Indonesia more attractive to investments that might open Indonesians to more job prospects, and bring innovation and growth to domestic industries."
Ringkasan Kebijakan No. 4,Mei 2020,https://cutt.ly/cips-rk4,https://cutt.ly/CIPS-RingkasanKebijakan4,"Menarik Penanaman Modal Asing (PMA)
Pasca Covid-19 Melalui Penyederhanaan
Kerangka Kerja Peraturan Indonesia",,Ringkasan Kebijakan,Kesejahteraan Rakyat,Indonesia,"Arianto Patunru, Andree Surianta","FDI, investasi, investasi luar negeri, keranga kerja regulator, omnibus law, ruu cipta kerja, kemudahan berusaha, eodb, ekonomi setelah covid-19, covid19, ekonomi indonesia, ANU, ","Pembatasan yang dilakukan untuk mengendalikan penyebaran Covid-19 telah menghentikan kegiatan perdagangan dan investasi internasional. Perdagangan global diprediksikan akan turun 13-32 %, sementara investasi asing langsung/foreign direct investment (FDI) akan jatuh lebih dalam sebesar 30% dan 40%. Bersamaan dengan keadaan dunia yang bergerak menuju resesi, pemulihan ekonomi pasca Covid-19 bergantung pada langkah untuk melanjutkan, menguatkan, dan mendiversifikasi jaringan perdagangan global dan investasi. 

Dalam ringkasan kebijakan terbaru kami, kami menilai inisiasi Omnibus Bill Indonesia dan menjabarkan beberapa rekomendasi untuk mendukung Indonesia menjadi lebih menarik bagi investasi yang dapat membuka peluang bagi masyarakat Indonesia pada banyak lapangan kerja, dan membawa inovasi dan pertumbuhan bagi industri dalam negeri","Bersamaan dengan keadaan dunia yang bergerak menuju resesi, pemulihan ekonomi pasca Covid-19 bergantung pada langkah untuk melanjutkan, menguatkan, dan mendiversifikasi jaringan perdagangan global dan investasi. Asia Tenggara telah menjadi wilayah yang menarik bagi investasi asing, namun Indonesia tetap saja tidak kompetitif. 
Dalam ringkasan kebijakan terbaru ini, kami menjabarkan beberapa rekomendasi untuk mendukung perwujudan Indonesia menjadi lebih menarik bagi investasi yang dapat membuka peluang lapangan kerja bagi masyarakat Indonesia, membawa inovasi, & pertumbuhan bagi industri dalam negeri.
"
Ringkasan Kebijakan No. 5,September 2020,https://cutt.ly/cips-rk5,https://cutt.ly/CIPS-RingkasanKebijakan5,Primum Non-Nocere: Sebuah Pendekatan Kebijakan untuk Investasi Farmasi di Indonesia,,Ringkasan Kebijakan,Kesejahteraan Rakyat,Indonesia,Andree Surianta,,"Meski Covid-19 telah mengacaukan perdagangan dan investasi internasional, pandemi ini sejatinya merupakan sebuah krisis kesehatan global. Dengan meningkatnya perhatian terhadap Rantai Nilai Global (RNG), industri farmasi selalu muncul dalam diskusi diskusi pemerintah yang saat ini sedang cemas. Banyak pihak ingin melokalisasi rantai pasok farmasi untuk memastikan adanya akses ke amunisi penting untuk melawan sebuah pandemi.

 Akan tetapi, perlu dicatat bahwa farmasi adalah sebuah industri dengan dinamika yang unik: adanya dorongan besar untuk efisiensi biaya dan di sisi lain juga ada tanggung jawab kesehatan dan lingkungan yang sangat besar. Untuk itu, pemerintah mana pun yang mencoba untuk meningkatkan kapasitas manufaktur farmasi perlu mempertimbangkan dengan hati-hati.",
Policy Brief No. 6,November 2020,https://cutt.ly/cips-pb6,https://cutt.ly/CIPS-PolicyBrief6,"RCEP: The Opportunity for Indonesia and Steps of Its Implementation, An Insider’s Perspective",,Policy Brief,Kesejahteraan Rakyat,English,Donna Gultom,"RCEP, ASEAN, FDI, Foregign Direct Investment, Donna Gultom, international trade, China","Amid the Covid-19 pandemic that weakens the global economy, 15 countries have finally signed the Comprehensive Regional Economic Pact (RCEP), which officially establishes it as the world's largest trade pact. The signing of the RCEP is believed to be the commitment of its members to restore the world economy and reignite global trade spirit.
 
For Indonesia, RCEP has a great potential in opening up new markets and easing the entry of Foreign Direct Investment, especially in industries that develop e-commerce and industrial revolution 4.0. Hence, the government needs to prioritize structural and policy adjustments to increase national competitiveness and boost foreign and domestic investment. 
 
CIPS Senior Fellow, who is also the RCEP negotiation leader, Donna Gultom, shares her perspective and future policy steps for Indonesia to maximize this agreement's benefit in the latest CIPS policy summary.","The RCEP signing gives a signal to the world that 15 countries are committed to restore the world economy & reignite the spirit of global trade. For Indonesia, RCEP has great potential in opening up a new market and easing FDI entry, especially in e-commerce & Industrial revolution 4.0.
 
Check out the policy brief to comprehend the RCEP ranging from its history to future policy steps for Indonesia, directly from Donna Gultom, the CIPS Senior Fellow, who also chaired the RCEP negotiations in the latest CIPS policy summary!"
Ringkasan Kebijakan No. 6,November 2020,https://cutt.ly/cips-rk6,https://cutt.ly/CIPS-RingkasanKebijakan6,Perjanjian Regional Comprehensive Economic Partnership (RCEP):  Peluangnya bagi Indonesia dan Langkah Pemanfaatannya  Sebuah Perspektif Internal,,Ringkasan Kebijakan,Community Livelihoods,Indonesia,Donna Gultom,"RCEP, ASEAN, PMA, Donna Gultom, Ira Aprilianti, perdagangan internasional, perjanjian internasional, FTA,","Di tengah pandemi Covid-19 yang menekan perekonomian global, 15 negara akhirnya menandatangani Pakta Ekonomi Regional Komprehensif (RCEP), yang secara resmi menasbihkannya sebagai pakta perdagangan terbesar di dunia. Penandatangan RCEP dipercaya menjadi komitmen dari para anggotanya untuk memulihkan perekonomian dunia dan menjaga semangat perdagangan global. 

Bagi Indonesia, RCEP memiliki potensi yang besar dalam membuka  pasar baru dan mendorong masuknya PMA, khususnya di industri yang mengembangkan revolusi industri 4.0 dan perdagangan e-commerce. Untuk itu pemerintah perlu memprioritaskan penyesuaian struktural dan kebijakan guna meningkatkan daya saing nasional dan memastikan masuknya investor dari luar & dalam negeri.

Senior Fellow CIPS yang juga pemimpin negosiasi RCEP ini, Donna Gultom, membagikan perspektif serta langkah kebijakan ke depan agar Indonesia dapat mendapatkan hasil yang maksimal perjanjian dagang ini di ringkasan kebijakan terbaru CIPS.
","Penandatangan RCEP memberikan sinyal ke dunia bahwa 15 negara berkomitmen untuk memulihkan perekonomian dunia & menjaga semangat perdagangan global. Bagi Indonesia, RCEP memiliki potensi yang besar dalam pembukaan pasar dan mendorong masuknya PMA, khususnya di bidang e-commerce & revolusi Industri 4.0. 
Simak paparan langsung terkait sejarah sampai langkah kebijakan ke depan, dari Senior Fellow CIPS, yang juga memimpin negosiasi RCEP, Donna Gultom, di ringkasan kebijakan terbaru CIPS!"
Policy Brief No. 7,March 2021,https://cutt.ly/cips-pb7,https://cutt.ly/CIPS-PolicyBrief7,Data Privacy in the Indonesian Personal Data Protection Legislation,,Policy Brief,Community Livelihoods,English,Gliddheo Riyadi,"Data privacy, personal data protection, RUU PDP, GDPR, regulatory sandbox, Ministry of Communication and Informatics, MOCI, PDP Bill, Singaporean Personal Data Protection Commission, Bank Indonesia, BI","From e-lending to personalised business recommendations, there is a growing supply of customized digital services that require companies to acquire, process and store personal data. Meanwhile, these data remain the property of individuals and their owners have the right to control and manage their own data.
Since digital service companies constantly need to innovate, they often face uncertainties whether they are in breach of data privacy regulations. To mitigate this risk, the government should consider implementing a regulatory sandbox to facilitate the compliance of new technologies with existing data privacy regulations, and to co-create new policies similar to the Singaporean Personal Data Protection Commission (PDPC) when it tested and amended Singapore’s PDP Act.",
Ringkasan Kebijakan No. 7,Maret 2021,https://cutt.ly/cips-rk7,https://cutt.ly/CIPS-RingkasanKebijakan7,Kerahasiaan Data dalam Peraturan Perundang-Undangan Perlindungan Data Pribadi di Indonesia,,Ringkasan Kebijakan,Kesejahteraan Rakyat,Indonesia,Gliddheo Riyadi,"kerahasiaan data, keamanan data, Perlindungan data pribadi, RUU PDP, GDPR, regulatory sandbox, ekonomi digital, kominfo, kementerian komunikasi dan informatika, bank indonesia, bi","Mulai dari pinjaman online hingga jenis usaha lainnya, pertumbuhan layanan digital model baru mewajibkan perusahaan untuk mengambil, memproses, dan menyimpan data pribadi. Sementara itu, data-data pribadi tersebut tetap merupakan properti individu dan pemiliknya mempunyai hak untuk mengatur dan mengelola data mereka sendiri.
Mengingat perusahaan jasa digital perlu terus berinovasi, maka mereka seringkali dihadapkan dengan ketidakpastian apakah mereka melakukan pelanggaran peraturan kerahasiaan data atau tidak. Untuk memitigasi risiko tersebut, pemerintah sebaiknya mempertimbangkan penggunaan ruang uji terbatas (regulatory sandbox) untuk memfasilitasi kepatuhan teknologi baru terhadap peraturan privasi data yang ada, dan untuk turut berpartisipasi membuat kebijakan baru seperti yang dilakukan Personal Data Protection Commission (PDPC) di Singapura ketika mereka menguji dan mengubah Undang-Undang (UU) PDP Singapura.",
Policy Brief No. 8,April 2021,https://cutt.ly/cips-pb8,https://cutt.ly/CIPS-PolicyBrief8,"Who is Responsible for User-Generated Content on
Digital Platforms in Indonesia?",,Policy Brief,Community Livelihoods,English,Indra Setiawan,"user generated content, ugc, social media, electronic
systems organizers, ugc in indonesia, market place, e-commerce, coregulation, digital economy, policy brief cips,","Various internet intermediaries in Indonesia allow more than 175.4 million users to express their ideas and engage in economic activities (Hootsuite & We Are Social, 2020). This is called User-Generated Content (UGC). UGC comprises a vast amount of extremely diversified information, including images, videos, comments, and product advertisements published on dedicated websites or exchanged on messaging applications. UGC is ethically and legally owned by the creator of the content. This ownership rule applies whether users promote a product or service online, express their views, or they publish news, analysis, or opinion pieces in text or multimedia format.

The government should consider to coregulate UGC together with the private sector. A meaningful Public-Private Dialogue and shared responsibilities help the regulatory process to keep up with the fast changing digital landscape and to stay open for innovation and technological progress. to keep up with the fastchanging digital landscape and to stay open for innovation and technological progress. ",
Ringkasan Kebijakan No. 8,April 2021,https://cutt.ly/cips-rk8,https://cutt.ly/CIPS-RingkasanKebijakan8,"Siapa yang Bertanggung Jawab atas Konten Buatan
Pengguna (UGC) pada Platform Digital di Indonesia?",,Ringkasan Kebijakan,Kesejahteraan Rakyat,Indonesia,Indra Setiawan,"ugc, konten buatan pengguna, user generated content, media sosial, e-commerce, aplikasi pengiriman pesan, koregulasi, digital ekonomi, ringkasan kebijakan cips","Konten buatan pengguna atau biasa disebut user-generated content (UGC) secara etis dan legal dimiliki oleh pembuat konten itu sendiri. Aturan kepemilikan ini berlaku terlepas dari apakah pembuat konten menawarkan sebuah produk atau layanan online, mengemukakan pandangan mereka akan suatu hal, membagikan informasi, analisis, atau opini dalam bentuk teks maupun multimedia.

Pemerintah harus mempertimbangkan untuk menggunakan cara koregulasi UGC bersamasama dengan pihak swasta. Adanya dialog antara pemerintah dan swasta serta pembagian tanggung jawab akan membantu proses hukum menjadi lebih relevan dan bisa terus berkembang seiring cepatnya perkembangan lanskap digital yang sangat dinamis dan agar tetap terbuka terhadap perkembangan inovasi dan teknologi. ",
Policy Brief No. 9,April 2021,https://cutt.ly/cips-pb9,https://cutt.ly/CIPS-PolicyBrief9,Cybersecurity Protection in Indonesia,,Policy Brief,Community Livelihoods,English,Noor Halimah Anjani,"cybersecurity, ransomware, Indonesian National Cyber and Crypto Agency, BSSN, cyber attacks, cybersecurity bill, Public-Private Dialogue, Public-Private Dialogue, malware, digital economy, policy brief cips, hacker, cyberthreat, data breaches, Electronic Information and Transactions Law","In 2019, the Indonesian National Cyber and Crypto Agency (BSSN) reported 290 million cases of cyberattacks. That was 25% more than the previous year, when cybercrimes had caused losses of USD 34.2 billion for Indonesia. The Covid-19 pandemic in 2020 triggered a significant increase in phishing attacks, malspams and ransomware attacks, adding to the urgency of establishing a well-functioning infrastructure for cybersecurity in Indonesia.

Indonesian cybersecurity laws and regulations created fragmented responsibilities across different ministries and they remain ineffective in preventing cyberthreats and cybercrime. A comprehensive regulation on cybersecurity is urgently needed in Indonesia. The Indonesian parliament and BSSN should engage in a Public-Private Dialogue (PPD) when deliberating the bill. Engaging in PPD has proven to help sharing relevant information and experiences and producing sensible and workable policies supported by a broad base of stakeholders. ",
Ringkasan Kebijakan No. 9,April 2021,https://cutt.ly/cips-rk9,https://cutt.ly/CIPS-RingkasanKebijakan9,"Perlindungan Keamanan Siber
di Indonesia",,Ringkasan Kebijakan,Kesejahteraan Rakyat,Indonesia,Noor Halimah Anjani,"keamanan siber, cyber security, serangan siber, cyber attack, Badan Siber dan Sandi Negara, RUU KKS, RUU Ketahanan dan Keamanan Siber, koregulasi, ekonomi digital, ringkasan kebijakan cips, BSSN, badan siber dan sandi negara, malware, virus, ransomeware, hacker, kebocoran data, UU ITE","Undang-Undang (UU) dan peraturan-peraturan yang berkaitan dengan keamanan siber di Indonesia membagi tanggung jawab ke beberapa kementerian dan hal itu dinilai tidak efektif dalam mencegah ancaman dan kejahatan siber. Oleh karena itu, sebuah peraturan yang komprehensif untuk keamanan siber sangat dibutuhkan di Indonesia.

DPR dan BSSN harus terlibat dalam dialog antara Pemerintah dan Swasta atau PublicPrivate Dialogue (PPD) ketika mendiskusikan RUU ini. PPD terbukti membantu pertukaran informasi dan pengalaman yang relevan, membuat kebijakan yang lebih tepat sasaran dan bisa dilaksanakan dengan baik, serta didukung oleh pemangku kepentingan secara luas. ",
Policy Brief No. 10,April 2021,https://cutt.ly/CIPS-PolicyBrief10,https://cutt.ly/cips-pb10,Digital Taxation in Indonesia,,Policy Brief,Community Livelihoods,English,Aicha Grade Rebecca,"digital tax, digital economy, e-commerce, OECD, tax, indonesian, tax, electronic transaction tax, value-added tax, ministry of finance, VAT, cips policy brief","With e-commerce transactions on the rise when fiscal pressures were mounting during the Covid-19 crisis, the Indonesian government decided to enact Law No. 2/2020. Among others, it aims to impose income taxes on electronic systems transactions by foreign service providers with ‘significant economic presence’ which would constitute a permanent establishment in Indonesia.

The Indonesian government also levied a value-added tax (VAT) on the provision of intangible goods or services in Indonesia. Some of the prominent foreign electronic system providers have been appointed as VAT Collectors and have been collecting, remitting and reporting VAT for the goods and services consumed by Indonesian users. However, VAT obligations require a well-functioning system to collect, report and submit VAT. Otherwise, Indonesia might share the experience of the EU, which struggles with low levels of compliance and a lack of enforcement. ",
Ringkasan Kebijakan No. 10,April 2021,https://cutt.ly/CIPS-RingkasanKebijakan10,https://cutt.ly/cips-rk10,Pajak Digital di Indonesia,,Ringkasan Kebijakan,Kesejahteraan Rakyat,Indonesia,Aicha Grade Rebecca,"pajak digital, ekonomi digital, e-commerce, OECD, pajak, pajak indonesia,  kementerian keuangan, dirjen pajak, OECD","Dengan meningkatnya transaksi e-commerce, sementara beban fiskal terus bertambah selama krisis Covid-19, pemerintah Indonesia memutuskan untuk memberlakukan Undang-Undang (UU) Nomor 2 Tahun 2020. UU ini bertujuan memberlakukan pajak penghasilan untuk transaksi sistem elektronik oleh penyedia jasa asing dengan “Kehadiran Ekonomi yang Signifikan” yang merupakan bentuk usaha tetap di Indonesia. 

Kewajiban PPN juga membutuhkan sistem yang berfungsi dengan baik untuk memungut, melaporkan, dan membayar PPN. Kalau tidak, Indonesia bisa mengalami apa yang terjadi di Uni Eropa, kesulitan muncul akibat rendahnya kepatuhan dan kurangnya penegakkan pelaksanaan. ",
Policy Brief No. 11,April 2021,https://cutt.ly/cips-pb11,https://cutt.ly/CIPS-PolicyBrief11,Promoting Digital Literacy Skill for Students through Improved School Curriculum,,Policy Brief,Education,English,"Nadia Fairuza Azzahra, Felippa Amanta","digital literacy, education, school curriculum, internet users, covid-19, National Literacy Movement, siberkreasi, Ministry of Education and Culture, Ministry of Religious Affairs, Ministry of Communication
and Informatics, internet access, hoax, ICT curriculum, critical thinking, ","There is an urgent need to increase digital literacy from an early age to minimize the risk of online harm, to equip children who are future voters and consumers with the skills and understanding they need to assume those roles, and to maximize meaningful use of the Internet.

To strengthen students’ digital literacy, the Ministry of Education and Culture and the Ministry of Religious Affairs need to improve the curriculum for teaching ICT. This requires the participation of the Ministry of Communications and Informatics and non-government actors with special expertise in digital solutions. It has to apply a new approach of cultivating critical thinking skills in the classroom, improving teachers’ capacities in both ICT and critical thinking, and introducing basic digital literacy skills for parents. ",
Ringkasan Kebijakan No. 11,April 2021,https://cutt.ly/cips-rk11,https://cutt.ly/cips-ringkasankebijakan11,Memajukan Keterampilan Literasi Digital Siswa Melalui Pemutakhiran Kurikulum Sekolah,,Ringkasan Kebijakan,Pendidikan,Indonesia,"Nadia Fairuza Azzahra, Felippa Amanta","literasi digital, pendidikan, kurikulum sekolah, pengguna internet, covid-19, Teknologi Informasi dan Komunikasi, Gerakan Literasi Nasional, siberkreasi, Kementerian Pendidikan dan
Kebudayaan, berpikir kritis, Kementerian Agama, Kementerian Komunikasi dan
Informatika, akses internet, hoaks, kurikulum TIK","Ada kebutuhan mendesak untuk meningkatkan literasi digital sejak usia dini guna meminimalkan risiko daring yang membahayakan, menyiapkan anak-anak untuk menjadi pemilih dan konsumen masa depan dengan keterampilan dan pengertian yang mereka butuhkan untuk mengemban perannya tersebut, serta untuk memaksimalkan penggunaan internet yang bermanfaat.

Untuk memperkuat literasi digital peserta didik, Kementerian Pendidikan dan Kebudayaan dan Kementerian Agama perlu meningkatkan kurikulum mata pelajaran TIK. Hal tersebut membutuhkan partisipasi Kementerian Komunikasi dan Informatika dan pihak non-pemerintah dengan keahlian khusus dalam solusi digital. Penerapannya harus menggunakan sebuah pendekatan baru yang fokus dalam mengembangkan keterampilan berpikir kritis di ruang kelas, meningkatkan kapasitas guru baik dalam hal TIK maupun berpikir kritis, serta memperkenalkan keterampilan literasi digital dasar untuk orangtua. ",
Policy Brief No. 12,February 2022,https://cutt.ly/cips-pb12,https://cutt.ly/CIPS-PolicyBrief12New,Oil Palm Productivity Remains Limited as Price of Cooking Oil Soars in Indonesia,,Policy Brief,Food Security & Agriculture,,"Nisrina Nafisah, Felippa Amanta","oil palm, cooking oil, CPO, cooking oil prices, cips, policy brief, felippa amanta, nisrina nafisah","As one of the main commodities in Indonesian households, the price of cooking oil has relatively increased since the fourth quarter of 2021. While the majority of cooking oil sold in Indonesia is derived from palm oil, are rising palm oil prices is the only problem? The government has responded with several policy instruments yet it has not guaranteed the cooking oil price stability. 

Find out more about the policy in our latest policy brief.",
Policy Brief No. 13,April 2022,https://cutt.ly/CIPS-PB13,https://cutt.ly/CIPS-PolicyBrief13,Changes to Trade Policy in Presidential Regulation 32/2022 on Neraca Komoditas,,Policy Brief,Food Security & Agriculture,,Krisna Gupta,"neraca komoditas, omnibus law, Presidential Regulation, job creation law, rice, salt, sugar, beef and fisheries products, export, import, licensing, SNANK, technical ministries, silence is consent","Legalized on February 21st 2022, Presidential Regulation No. 32/2022 on Neraca Komoditas is the implementing regulation of the Job Creation Law on trade. It regulates the use of and the procedure to enact Neraca Komoditas. The regulation provides a legal basis for the new Neraca Komoditas trade mechanism after the Government of Indonesia has promoted the idea in the past year. The Neraca Komoditas will be rolled out for rice, salt, sugar, beef and fisheries products in 2022, while other goods that require export and import licensing will start to use Neraca Komoditas in 2023. 

This policy brief is written as a follow-up to CIPS’ policy paper “The Advent of a New Trade Governance After the Omnibus Law Neraca Komoditas” that was published before the issuance of Presidential Regulation No. 32/2022.",
Policy Brief No. 14,May 2022,https://cutt.ly/cips-pb14,,Parent’s Perception on Face-to-Face Learning,,Policy Brief,"Education, School Management, Covid-19 Response",English,Latasha Safira,,,
Policy Brief No. 15,December 2022,https://cutt.ly/cips-pb15,,"Addressing the Employability of SMK Students
through Improved English Curriculum",,Policy Brief,Education,English,"Latasha Safira, Fatharani Nadhira","english subject, smk, sekolah menengah kejuruan, labor market, british council, English proficiencies, vocational schools, english teaching, job market, teachers, english teachers, English for Specific Purpose, the Ministry of Education, Culture, Research and Technology, Test of English in International Communication, TOEIC","Compared to other education levels, Sekolah Menengah Kejuruan (SMK) graduates were the highest contributors (11.45%) to the unemployment rate in Indonesia in February 2021. Though worsened by the COVID-19 pandemic, this is largely due to the misalignment of skills being taught in school and industry needs. Employers struggle to find graduates that meet their required qualifications, especially for English competencies.

Though SMK teachers and students generally perceive English competencies as an important skill, SMK graduates still do not meet the levels demanded by their industries. While a number of factors contribute to this problem, the overarching cause is the existing curriculum.",
Policy Brief T20 Task Force 2,September 2022,,,Regulating Cross-Border Data Flows in the Next Development Context,,,,,,,,
Policy Brief T20 Task Force 4,September 2022,,,G20 Framework for Repurposing Agricultural Policy Support to meet Global Climate and Food Security Goals,,Policy Brief,,English,"Aditya Alta, Azizah Nazala, Indra Setiawan",,,
Policy Paper No. 16,December 2022,https://cutt.ly/cips-pb16,,"From Export Ban to Export Acceleration:
Why Cooking Oil Price Interventions Were Ineffective",,Policy Brief,"Agriculture,Food Security and Nutrition, Trade and Investment",English,"Mukhammad Faisol Amir, Muhammad Nidhal & Aditya Alta","cooking oil, export ban, price intervention, palm oil, vegetable cooking oil, biodiesel, cpo, Ministry of Trade, Ministry of Industry, Ministry of Finance, maximum retail price, bulk cooking oil, crude palm oil, Indonesian Palm Oil Plantation Fund Management Agency","Palm oil is the world’s most widely used vegetable cooking oil. Indonesia and Malaysia produce 57% and 27% of palm oil available in the global market, respectively. In addition to being a popular source of cooking oil, palm oil is also processed into biodiesel and used as an ingredient for processed foods, detergents, and cosmetics. In Indonesia, palm oil is used for food (48.59%), biodiesel (39.85%), and oleochemical (11.51%) with a total crude palm oil (CPO) and crude palm kernel oil (CPKO) production of 51.3 million tons in 2021, which is projected to increase to 51.8 million tonnes by the end of 2022 according to the Indonesian Palm Oil Association or GAPKI.

Though food use is still dominant, palm oil consumption for biodiesel shows an increasing trend throughout the years, growing at a rate of 26.40% in the last 5 years due to the government’s mandatory B30 policy. The policy stipulates that 30% palm-oil based fuel goes into its biodiesel to lower the country’s fuel imports and boost domestic production of palm oil. On the other hand, most palm oil derivatives (CPO, palm kernel oil (PKO), and their derivatives) produced in Indonesia are exported (65%), while only 35% are intended for domestic use. This situation creates tensions between alternative uses of palm oil, supplies for the global market, and domestic consumers.",
Pollicy Brief No. 17,January 2023,cutt.ly/cips-pb17,,Improving Farmers’ Participation in the Warehouse Receipt System,,Policy Brief,,English,Azizah Fauzi,,,
Ringkasan Kebijakan No. 12,Februari 2022,https://cutt.ly/cips-rk12,https://cutt.ly/CIPS-RingkasanKebijakan12New,Produktivitas Kelapa Sawit Tetap Terbatas Seiring Melonjaknya Harga Minyak Goreng di Indonesia,,Ringkasan Kebijakan,Ketahanan Pangan & Agrikultur,,"Nisrina Nafisah, Felippa Amanta","minyak goreng, kelapa sawit, harga pupuk, harga minyak goreng, felippa amanta, nisrina nafisah","Sebagai salah satu komoditas utama di dalam rumah tangga Indonesia, harga minyak goreng relatif meningkat sejak triwulan IV tahun 2021. Sementara itu, sebagian besar minyak goreng yang dikonsumsi masyarakat Indonesia berasal dari minyak kelapa sawit, lalu, apakah kenaikan harga minyak sawit menjadi satu-satunya masalah?

Pemerintah telah merespon permasalahan ini dengan beberapa instrumen kebijakan namun kebijakan tersebut belum menjamin stabilitas harga minyak goreng. Cari tahu lebih lanjut tentang kebijakan dalam ringkasan kebijakan terbaru kami.
",
Ringkasan Kebijakan No. 13,April 2022,https://cutt.ly/cips-rk13,https://cutt.ly/CIPS-RingkasanKebijakan13,Perubahan Kebijakan Perdagangan dalam Peraturan Presiden No. 32/2022 tentang Neraca Komoditas,,Ringkasan Kebijakan,Ketahanan Pangan & Agrikultur,,Krisna Gupta,"neraca komodtas, omnibus law, peraturan presiden, UU Cipta Kerja, garam, beras, gula, dan daging sapi dan produk perikanan, ekspor, impor, SNANK, kementerian teknis, diam berarti setuju, izin impor, rapat koordinasi,","Peraturan Presiden No. 32/2022 tentang Neraca Komoditas yang ditetapkan pada 21 Februari 2022 merupakan peraturan pelaksana Undang-Undang Cipta Kerja di bidang perdagangan. Peraturan ini mengatur penggunaan dan prosedur pelaksanaan Neraca Komoditas. Peraturan ini juga menjadi dasar hukum bagi Neraca Komoditas sebagai mekanisme perdagangan baru setelah pemerintah Indonesia mempromosikan gagasan tersebut sejak tahun lalu (lihat Gupta, Pane, & Pasaribu, 2022 untuk analisis awal terkait Neraca Komoditas). 

Neraca Komoditas akan diterapkan pada beras, garam, gula, daging sapi, dan produk produk perikanan pada tahun 2022, sementara barang lain yang membutuhkan izin ekspor dan impor akan mulai menggunakan Neraca Komoditas pada tahun 2023. Ringkasan kebijakan ini ditulis sebagai kelanjutan dari makalah kebijakan CIPS berjudul “Lahirnya Tata Kelola Perdagangan Baru setelah Omnibus Law: Neraca Komoditas”, yang dipublikasikan sebelum terbitnya Peraturan Presiden No. 32/2022. ",
Ringkasan Kebijakan No. 14,Mei 2022,https://cutt.ly/cips-rk14,,​Persepsi Orang Tua terhadap Pembelajaran Tatap Muka,,Ringkasan Kebijakan,"Pendidikan, Pengelolaan Sekolah, Respon Covid-19",Indonesia,Latasha Safira,"Pembelajaran Tatap Muka, covid-19, ptm, pembelajaran jarak jauh, Kementerian Pendidikan, Kebudayaan, Riset, dan Teknologi, Kemendikbudristek, komite sekolah, cips, cips indonesia, center for indonesian policy studies",,
Ringkasan Kebijakan No. 15 ,December 2022,https://cutt.ly/cips-rk15,,Meningkatkan Kesiapan Kerja Lulusan SMK melalui Perbaikan Kurikulum Bahasa Inggris,,Ringkasan Kebijakan,Pendidikan,Indonesia,"Latasha Safira, Fatharani Nadhira","Bahasa Inggris, SMK, Sekolah Menengah Kejuruan, British Council, sekolah kejuruan, guru Bahasa Inggris, Bahasa Inggris untuk Tujuan Khusus, Test of English in International Communication, TOEIC, kesiapan kerja, Kementerian Pendidikan, Kebudayaan, Riset, dan Teknologi, Kemdikbudristek,","Dibandingkan lulusan tingkat pendidikan lainnya, lulusan Sekolah Menengah Kejuruan (SMK) menjadi penyumbang terbesar (11,45%) terhadap angka pengangguran di Indonesia pada bulan Februari 2021. Meski COVID-19 adalah salah satu faktor yang memperburuk, hal ini sebagian besar disebabkan oleh ketidaksesuaian antara keterampilan yang diajarkan di sekolah dengan kebutuhan industri. Para pencari kerja kesulitan mencari lulusan SMK yang memenuhi syarat kualifikasi, terutama dalam hal kompetensi bahasa Inggris.

Meski guru dan siswa SMK secara umum menganggap bahwa bahasa Inggris adalah keterampilan yang penting, banyak lulusan SMK masih belum mencapai tingkat kompetensi sebagaimana dituntut oleh industri mereka. Kondisi ini memang dapat disebabkan oleh sejumlah faktor, tetapi penyebab utamanya adalah kurikulum yang sedang digunakan saat ini.",
Ringkasan Kebijakan No. 16 ,Desember 2022,https://cutt.ly/cips-rk16,,"Dari Larangan hingga Percepatan Ekspor:
Mengapa Intervensi Harga Minyak Goreng Tidak Efektif",,Ringkasan Kebijakan,"Pertanian, Ketahanan Pangan dan Nutrisi, Perdagangan dan Investasi",Indonesia,"Mukhammad Faisol Amir, Muhammad Nidhal & Aditya Alta","minyak goreng, larangan ekspor, intervensi harga, kelapa sawit, minyak kelapa sawit, kebijakan sawit,  biodiesel, minyak goreng curah, Kementerian Perdagangan, Kementerian Keuangan, Kementerian Perindustrian, minyak sawit mentah, petani kelapa sawit, kebijakan minyak goreng, produsen minyak sawit, CPO","Minyak sawit merupakan minyak goreng sayur yang paling banyak digunakan di dunia. Indonesia dan Malaysia,
secara berturut-turut, memproduksi 57% dan 27% dari minyak sawit yang tersedia di pasar global. Selain menjadi jenis minyak goreng yang populer digunakan, minyak sawit juga diolah menjadi biodiesel dan dimanfaatkan sebagai bahan untuk makanan olahan, deterjen, dan kosmetik. Di Indonesia, minyak sawit digunakan untuk makanan (48,59%), biodiesel (39,85%), dan oleokimia (11,51%), dengan total produksi minyak sawit mentah (crude palm oil atau CPO) dan minyak inti sawit mentah (crude palm kernel oil atau CPKO) sebanyak 51,3 juta ton pada 2021, yang diproyeksikan akan meningkat menjadi 51,8 juta ton pada akhir 2022, menurut Gabungan Pengusaha Kelapa Sawit Indonesia.

Meski penggunaannya masih didominasi untuk makanan, konsumsi minyak sawit untuk biodiesel tampak
mengalami tren peningkatan dari tahun ke tahun, yakni naik 26,40% dalam lima tahun terakhir karena pemerintah
memberlakukan kebijakan mandatori B30. Kebijakan ini mewajibkan pencampuran
30% bahan bakar berbasis minyak sawit ke biodiesel untuk mengurangi impor bahan bakar dan menggenjot
produksi minyak sawit domestik. Di sisi lain, sebagian besar produk yang dihasilkan dari minyak sawit (CPO,
minyak inti sawit (palm kernel oil atau PKO), dan produk-produk turunannya) yang diproduksi di Indonesia adalah untuk diekspor (65%), sementara hanya 35% ditujukan untuk penggunaan domestik. Situasi ini menimbulkan tarik ulur antara penggunaan alternatif minyak sawit, pasokan untuk pasar global, dan konsumen domestik.",
Policy Paper No. 17,2023,https://cutt.ly/cips-pb17,,Improving Farmers’ Participation in the Warehouse Receipt System,,Policy Brief,,English,Azizah Fauzi,"Warehouse Receipt System, farmers, financing, farmers group, cooperative, banks, financial institution, farmers income, farmers welfare, rice farmers, numbers of farmers, Ministry of Trade, North Sulawesi, warehouse, Bappebti, Bappebti Regulation No.8 /2018, smallholders farmers, dryers, milling units, supply chain,",,
Ringkasan Kebijakan No. 17,2023,,,Meningkatkan Partisipasi Petani dalam Sistem Resi Gudang,,Ringkasan Kebijakan,,Indonesia,Azizah Fauzi,"Sistem resi gudang, gudang, petani, petani kecil. buruh tani, kelompok tani, bank, inklusi keuangan, petani padi, jumlah petani, Kementerian Perdaganga, Bappebti, pengering, penggilingan, koperasi, Lembaga Penilaian Kesesuaian,  komoditas pertanian, kebijakan pemerintah pusat, kebijakan pemerintah daerah, lembaga keuangan, 20 jenis komoditas, sistem logistik, transportasi panen, ",,
Policy Brief No. 18,February 2023,,,Establishing Foreign Higher Education Institutions in Indonesia,,Policy Brief,"Education, Entrepreneurship and Economic Opportunities, Trade and Investment",English,"Nadia Fairuza Azzahra, Natasya Zahra","cips, cips indonesia, center for indonesian policy studies, cips policy brief, foreign higher education, campus in Indonesia, Minister of Research, Technology, and Higher Education, education insitution, local education, teaching, indonesian student, world-class education, local economic developmet, Universitas Sultan Ageng Tirtayasa, Monash University Indonesia, higher education rate, Renstra, education policy, human resources","The government has granted authority for foreign higher education institutions (FHEIs) to establish a physical campus in Indonesia as first stipulated in the Minister of Research, Technology, and Higher Education Regulation (MRTHE) No. 53/2018. Given the poor quality of the local higher education institutions (HEI), which is attributed to several factors such as the low quality of teaching, research and human resources, limited funding, and poor governance, the arrival of FHEIs in Indonesia provides an opportunity for Indonesian students to acquire a world-class education at home, which would otherwise not be provided.

The partnership requirement between local universities and FHEI is no longer in place since the MRTHE No. 53/2018 has been revoked by The Minister of Education and Culture Regulation No. 10/2021 No. 10/2021. Therefore the engagements between FHEIs and local universities are now organized on a voluntary basis.",
,,,,,,,,,,,,
,,,,,,,,,,,,
,,,,,,,,,,,,
,,,,,,,,,,,,
,,,,,,,,,,,,
,,,,,,,,,,,,
,,,,,,,,,,,,
,,,,,,,,,,,,
,,,,,,,,,,,,
,,,,,,,,,,,,
,,,,,,,,,,,,
,,,,,,,,,,,,
,,,,,,,,,,,,
,,,,,,,,,,,,
,,,,,,,,,,,,
,,,,,,,,,,,,
,,,,,,,,,,,,
,,,,,,,,,,,,
,,,,,,,,,,,,
,,,,,,,,,,,,
,,,,,,,,,,,,
,,,,,,,,,,,,
,,,,,,,,,,,,
,,,,,,,,,,,,
,,,,,,,,,,,,
,,,,,,,,,,,,
,,,,,,,,,,,,
,,,,,,,,,,,,
,,,,,,,,,,,,
,,,,,,,,,,,,
,,,,,,,,,,,,
,,,,,,,,,,,,
,,,,,,,,,,,,
,,,,,,,,,,,,
,,,,,,,,,,,,
,,,,,,,,,,,,
,,,,,,,,,,,,
,,,,,,,,,,,,
,,,,,,,,,,,,
,,,,,,,,,,,,
,,,,,,,,,,,,
,,,,,,,,,,,,
,,,,,,,,,,,,
,,,,,,,,,,,,
,,,,,,,,,,,,
,,,,,,,,,,,,
,,,,,,,,,,,,
,,,,,,,,,,,,
,,,,,,,,,,,,
,,,,,,,,,,,,
,,,,,,,,,,,,
,,,,,,,,,,,,
,,,,,,,,,,,,
,,,,,,,,,,,,
,,,,,,,,,,,,
,,,,,,,,,,,,
,,,,,,,,,,,,
,,,,,,,,,,,,
,,,,,,,,,,,,
,,,,,,,,,,,,
,,,,,,,,,,,,
,,,,,,,,,,,,
,,,,,,,,,,,,
,,,,,,,,,,,,
,,,,,,,,,,,,
,,,,,,,,,,,,
,,,,,,,,,,,,
,,,,,,,,,,,,
,,,,,,,,,,,,
,,,,,,,,,,,,
,,,,,,,,,,,,
,,,,,,,,,,,,
,,,,,,,,,,,,
,,,,,,,,,,,,
,,,,,,,,,,,,
,,,,,,,,,,,,
,,,,,,,,,,,,
,,,,,,,,,,,,
,,,,,,,,,,,,
,,,,,,,,,,,,
,,,,,,,,,,,,
,,,,,,,,,,,,
,,,,,,,,,,,,
,,,,,,,,,,,,
,,,,,,,,,,,,
,,,,,,,,,,,,
,,,,,,,,,,,,
,,,,,,,,,,,,
,,,,,,,,,,,,
,,,,,,,,,,,,
,,,,,,,,,,,,
,,,,,,,,,,,,
,,,,,,,,,,,,
,,,,,,,,,,,,
,,,,,,,,,,,,
,,,,,,,,,,,,
,,,,,,,,,,,,
,,,,,,,,,,,,
,,,,,,,,,,,,
,,,,,,,,,,,,
,,,,,,,,,,,,
,,,,,,,,,,,,
,,,,,,,,,,,,
,,,,,,,,,,,,
,,,,,,,,,,,,
,,,,,,,,,,,,
,,,,,,,,,,,,
,,,,,,,,,,,,
,,,,,,,,,,,,
,,,,,,,,,,,,
,,,,,,,,,,,,
,,,,,,,,,,,,
,,,,,,,,,,,,
,,,,,,,,,,,,
,,,,,,,,,,,,
,,,,,,,,,,,,
,,,,,,,,,,,,
,,,,,,,,,,,,
,,,,,,,,,,,,
,,,,,,,,,,,,
,,,,,,,,,,,,
,,,,,,,,,,,,
,,,,,,,,,,,,
,,,,,,,,,,,,
,,,,,,,,,,,,
,,,,,,,,,,,,
,,,,,,,,,,,,
,,,,,,,,,,,,
,,,,,,,,,,,,
,,,,,,,,,,,,
,,,,,,,,,,,,
,,,,,,,,,,,,
,,,,,,,,,,,,
,,,,,,,,,,,,
,,,,,,,,,,,,
,,,,,,,,,,,,
,,,,,,,,,,,,
,,,,,,,,,,,,
,,,,,,,,,,,,
,,,,,,,,,,,,
,,,,,,,,,,,,
,,,,,,,,,,,,
,,,,,,,,,,,,
,,,,,,,,,,,,
,,,,,,,,,,,,
,,,,,,,,,,,,
,,,,,,,,,,,,
,,,,,,,,,,,,
,,,,,,,,,,,,
,,,,,,,,,,,,
,,,,,,,,,,,,
,,,,,,,,,,,,
,,,,,,,,,,,,
,,,,,,,,,,,,
,,,,,,,,,,,,
,,,,,,,,,,,,
,,,,,,,,,,,,
,,,,,,,,,,,,
,,,,,,,,,,,,
,,,,,,,,,,,,
,,,,,,,,,,,,
,,,,,,,,,,,,
,,,,,,,,,,,,
,,,,,,,,,,,,
,,,,,,,,,,,,
,,,,,,,,,,,,
,,,,,,,,,,,,
,,,,,,,,,,,,
,,,,,,,,,,,,
,,,,,,,,,,,,
,,,,,,,,,,,,
,,,,,,,,,,,,
,,,,,,,,,,,,
,,,,,,,,,,,,
,,,,,,,,,,,,
,,,,,,,,,,,,
,,,,,,,,,,,,
,,,,,,,,,,,,
,,,,,,,,,,,,
,,,,,,,,,,,,
,,,,,,,,,,,,
,,,,,,,,,,,,
,,,,,,,,,,,,
,,,,,,,,,,,,
,,,,,,,,,,,,
,,,,,,,,,,,,
,,,,,,,,,,,,
,,,,,,,,,,,,
,,,,,,,,,,,,
,,,,,,,,,,,,
,,,,,,,,,,,,
,,,,,,,,,,,,
,,,,,,,,,,,,
,,,,,,,,,,,,
,,,,,,,,,,,,
,,,,,,,,,,,,
,,,,,,,,,,,,
,,,,,,,,,,,,
,,,,,,,,,,,,
,,,,,,,,,,,,
,,,,,,,,,,,,
,,,,,,,,,,,,
,,,,,,,,,,,,
,,,,,,,,,,,,
,,,,,,,,,,,,
,,,,,,,,,,,,
,,,,,,,,,,,,
,,,,,,,,,,,,
,,,,,,,,,,,,
,,,,,,,,,,,,
,,,,,,,,,,,,
,,,,,,,,,,,,
,,,,,,,,,,,,
,,,,,,,,,,,,
,,,,,,,,,,,,
,,,,,,,,,,,,
,,,,,,,,,,,,
,,,,,,,,,,,,
,,,,,,,,,,,,
,,,,,,,,,,,,
,,,,,,,,,,,,
,,,,,,,,,,,,
,,,,,,,,,,,,
,,,,,,,,,,,,
,,,,,,,,,,,,
,,,,,,,,,,,,
,,,,,,,,,,,,
,,,,,,,,,,,,
,,,,,,,,,,,,
,,,,,,,,,,,,
,,,,,,,,,,,,
,,,,,,,,,,,,
,,,,,,,,,,,,
,,,,,,,,,,,,
,,,,,,,,,,,,
,,,,,,,,,,,,
,,,,,,,,,,,,
,,,,,,,,,,,,
,,,,,,,,,,,,
,,,,,,,,,,,,
,,,,,,,,,,,,
,,,,,,,,,,,,
,,,,,,,,,,,,
,,,,,,,,,,,,
,,,,,,,,,,,,
,,,,,,,,,,,,
,,,,,,,,,,,,
,,,,,,,,,,,,
,,,,,,,,,,,,
,,,,,,,,,,,,
,,,,,,,,,,,,
,,,,,,,,,,,,
,,,,,,,,,,,,
,,,,,,,,,,,,
,,,,,,,,,,,,
,,,,,,,,,,,,
,,,,,,,,,,,,
,,,,,,,,,,,,
,,,,,,,,,,,,
,,,,,,,,,,,,
,,,,,,,,,,,,
,,,,,,,,,,,,
,,,,,,,,,,,,
,,,,,,,,,,,,
,,,,,,,,,,,,
,,,,,,,,,,,,
,,,,,,,,,,,,
,,,,,,,,,,,,
,,,,,,,,,,,,
,,,,,,,,,,,,
,,,,,,,,,,,,
,,,,,,,,,,,,
,,,,,,,,,,,,
,,,,,,,,,,,,
,,,,,,,,,,,,
,,,,,,,,,,,,
,,,,,,,,,,,,
,,,,,,,,,,,,
,,,,,,,,,,,,
,,,,,,,,,,,,
,,,,,,,,,,,,
,,,,,,,,,,,,
,,,,,,,,,,,,
,,,,,,,,,,,,
,,,,,,,,,,,,
,,,,,,,,,,,,
,,,,,,,,,,,,
,,,,,,,,,,,,
,,,,,,,,,,,,
,,,,,,,,,,,,
,,,,,,,,,,,,
,,,,,,,,,,,,
,,,,,,,,,,,,
,,,,,,,,,,,,
,,,,,,,,,,,,
,,,,,,,,,,,,
,,,,,,,,,,,,
,,,,,,,,,,,,
,,,,,,,,,,,,
,,,,,,,,,,,,
,,,,,,,,,,,,
,,,,,,,,,,,,
,,,,,,,,,,,,
,,,,,,,,,,,,
,,,,,,,,,,,,
,,,,,,,,,,,,
,,,,,,,,,,,,
,,,,,,,,,,,,
,,,,,,,,,,,,
,,,,,,,,,,,,
,,,,,,,,,,,,
,,,,,,,,,,,,
,,,,,,,,,,,,
,,,,,,,,,,,,
,,,,,,,,,,,,
,,,,,,,,,,,,
,,,,,,,,,,,,
,,,,,,,,,,,,
,,,,,,,,,,,,
,,,,,,,,,,,,
,,,,,,,,,,,,
,,,,,,,,,,,,
,,,,,,,,,,,,
,,,,,,,,,,,,
,,,,,,,,,,,,
,,,,,,,,,,,,
,,,,,,,,,,,,
,,,,,,,,,,,,
,,,,,,,,,,,,
,,,,,,,,,,,,
,,,,,,,,,,,,
,,,,,,,,,,,,
,,,,,,,,,,,,
,,,,,,,,,,,,
,,,,,,,,,,,,
,,,,,,,,,,,,
,,,,,,,,,,,,
,,,,,,,,,,,,
,,,,,,,,,,,,
,,,,,,,,,,,,
,,,,,,,,,,,,
,,,,,,,,,,,,
,,,,,,,,,,,,
,,,,,,,,,,,,
,,,,,,,,,,,,
,,,,,,,,,,,,
,,,,,,,,,,,,
,,,,,,,,,,,,
,,,,,,,,,,,,
,,,,,,,,,,,,
,,,,,,,,,,,,
,,,,,,,,,,,,
,,,,,,,,,,,,
,,,,,,,,,,,,
,,,,,,,,,,,,
,,,,,,,,,,,,
,,,,,,,,,,,,
,,,,,,,,,,,,
,,,,,,,,,,,,
,,,,,,,,,,,,
,,,,,,,,,,,,
,,,,,,,,,,,,
,,,,,,,,,,,,
,,,,,,,,,,,,
,,,,,,,,,,,,
,,,,,,,,,,,,
,,,,,,,,,,,,
,,,,,,,,,,,,
,,,,,,,,,,,,
,,,,,,,,,,,,
,,,,,,,,,,,,
,,,,,,,,,,,,
,,,,,,,,,,,,
,,,,,,,,,,,,
,,,,,,,,,,,,
,,,,,,,,,,,,
,,,,,,,,,,,,
,,,,,,,,,,,,
,,,,,,,,,,,,
,,,,,,,,,,,,
,,,,,,,,,,,,
,,,,,,,,,,,,
,,,,,,,,,,,,
,,,,,,,,,,,,
,,,,,,,,,,,,
,,,,,,,,,,,,
,,,,,,,,,,,,
,,,,,,,,,,,,
,,,,,,,,,,,,
,,,,,,,,,,,,
,,,,,,,,,,,,
,,,,,,,,,,,,
,,,,,,,,,,,,
,,,,,,,,,,,,
,,,,,,,,,,,,
,,,,,,,,,,,,
,,,,,,,,,,,,
,,,,,,,,,,,,
,,,,,,,,,,,,
,,,,,,,,,,,,
,,,,,,,,,,,,
,,,,,,,,,,,,
,,,,,,,,,,,,
,,,,,,,,,,,,
,,,,,,,,,,,,
,,,,,,,,,,,,
,,,,,,,,,,,,
,,,,,,,,,,,,
,,,,,,,,,,,,
,,,,,,,,,,,,
,,,,,,,,,,,,
,,,,,,,,,,,,
,,,,,,,,,,,,
,,,,,,,,,,,,
,,,,,,,,,,,,
,,,,,,,,,,,,
,,,,,,,,,,,,
,,,,,,,,,,,,
,,,,,,,,,,,,
,,,,,,,,,,,,
,,,,,,,,,,,,
,,,,,,,,,,,,
,,,,,,,,,,,,
,,,,,,,,,,,,
,,,,,,,,,,,,
,,,,,,,,,,,,
,,,,,,,,,,,,
,,,,,,,,,,,,
,,,,,,,,,,,,
,,,,,,,,,,,,
,,,,,,,,,,,,
,,,,,,,,,,,,
,,,,,,,,,,,,
,,,,,,,,,,,,
,,,,,,,,,,,,
,,,,,,,,,,,,
,,,,,,,,,,,,
,,,,,,,,,,,,
,,,,,,,,,,,,
,,,,,,,,,,,,
,,,,,,,,,,,,
,,,,,,,,,,,,
,,,,,,,,,,,,
,,,,,,,,,,,,
,,,,,,,,,,,,
,,,,,,,,,,,,
,,,,,,,,,,,,
,,,,,,,,,,,,
,,,,,,,,,,,,
,,,,,,,,,,,,
,,,,,,,,,,,,
,,,,,,,,,,,,
,,,,,,,,,,,,
,,,,,,,,,,,,
,,,,,,,,,,,,
,,,,,,,,,,,,
,,,,,,,,,,,,
,,,,,,,,,,,,
,,,,,,,,,,,,
,,,,,,,,,,,,
,,,,,,,,,,,,
,,,,,,,,,,,,
,,,,,,,,,,,,
,,,,,,,,,,,,
,,,,,,,,,,,,
,,,,,,,,,,,,
,,,,,,,,,,,,
,,,,,,,,,,,,
,,,,,,,,,,,,
,,,,,,,,,,,,
,,,,,,,,,,,,
,,,,,,,,,,,,
,,,,,,,,,,,,
,,,,,,,,,,,,
,,,,,,,,,,,,
,,,,,,,,,,,,
,,,,,,,,,,,,
,,,,,,,,,,,,
,,,,,,,,,,,,
,,,,,,,,,,,,
,,,,,,,,,,,,
,,,,,,,,,,,,
,,,,,,,,,,,,
,,,,,,,,,,,,
,,,,,,,,,,,,
,,,,,,,,,,,,
,,,,,,,,,,,,
,,,,,,,,,,,,
,,,,,,,,,,,,
,,,,,,,,,,,,
,,,,,,,,,,,,
,,,,,,,,,,,,
,,,,,,,,,,,,
,,,,,,,,,,,,
,,,,,,,,,,,,
,,,,,,,,,,,,
,,,,,,,,,,,,
,,,,,,,,,,,,
,,,,,,,,,,,,
,,,,,,,,,,,,
,,,,,,,,,,,,
,,,,,,,,,,,,
,,,,,,,,,,,,
,,,,,,,,,,,,
,,,,,,,,,,,,
,,,,,,,,,,,,
,,,,,,,,,,,,
,,,,,,,,,,,,
,,,,,,,,,,,,
,,,,,,,,,,,,
,,,,,,,,,,,,
,,,,,,,,,,,,
,,,,,,,,,,,,
,,,,,,,,,,,,
,,,,,,,,,,,,
,,,,,,,,,,,,
,,,,,,,,,,,,
,,,,,,,,,,,,
,,,,,,,,,,,,
,,,,,,,,,,,,
,,,,,,,,,,,,
,,,,,,,,,,,,
,,,,,,,,,,,,
,,,,,,,,,,,,
,,,,,,,,,,,,
,,,,,,,,,,,,
,,,,,,,,,,,,
,,,,,,,,,,,,
,,,,,,,,,,,,
,,,,,,,,,,,,
,,,,,,,,,,,,
,,,,,,,,,,,,
,,,,,,,,,,,,
,,,,,,,,,,,,
,,,,,,,,,,,,
,,,,,,,,,,,,
,,,,,,,,,,,,
,,,,,,,,,,,,
,,,,,,,,,,,,
,,,,,,,,,,,,
,,,,,,,,,,,,
,,,,,,,,,,,,
,,,,,,,,,,,,
,,,,,,,,,,,,
,,,,,,,,,,,,
,,,,,,,,,,,,
,,,,,,,,,,,,
,,,,,,,,,,,,
,,,,,,,,,,,,
,,,,,,,,,,,,
,,,,,,,,,,,,
,,,,,,,,,,,,
,,,,,,,,,,,,
,,,,,,,,,,,,
,,,,,,,,,,,,
,,,,,,,,,,,,
,,,,,,,,,,,,
,,,,,,,,,,,,
,,,,,,,,,,,,
,,,,,,,,,,,,
,,,,,,,,,,,,
,,,,,,,,,,,,
,,,,,,,,,,,,
,,,,,,,,,,,,
,,,,,,,,,,,,
,,,,,,,,,,,,
,,,,,,,,,,,,
,,,,,,,,,,,,
,,,,,,,,,,,,
,,,,,,,,,,,,
,,,,,,,,,,,,
,,,,,,,,,,,,
,,,,,,,,,,,,
,,,,,,,,,,,,
,,,,,,,,,,,,
,,,,,,,,,,,,
,,,,,,,,,,,,
,,,,,,,,,,,,
,,,,,,,,,,,,
,,,,,,,,,,,,
,,,,,,,,,,,,
,,,,,,,,,,,,
,,,,,,,,,,,,
,,,,,,,,,,,,
,,,,,,,,,,,,
,,,,,,,,,,,,
,,,,,,,,,,,,
,,,,,,,,,,,,
,,,,,,,,,,,,
,,,,,,,,,,,,
,,,,,,,,,,,,
,,,,,,,,,,,,
,,,,,,,,,,,,
,,,,,,,,,,,,
,,,,,,,,,,,,
,,,,,,,,,,,,
,,,,,,,,,,,,
,,,,,,,,,,,,
,,,,,,,,,,,,
,,,,,,,,,,,,
,,,,,,,,,,,,
,,,,,,,,,,,,
,,,,,,,,,,,,
,,,,,,,,,,,,
,,,,,,,,,,,,
,,,,,,,,,,,,
,,,,,,,,,,,,
,,,,,,,,,,,,
,,,,,,,,,,,,
,,,,,,,,,,,,
,,,,,,,,,,,,
,,,,,,,,,,,,
,,,,,,,,,,,,
,,,,,,,,,,,,
,,,,,,,,,,,,
,,,,,,,,,,,,
,,,,,,,,,,,,
,,,,,,,,,,,,
,,,,,,,,,,,,
,,,,,,,,,,,,
,,,,,,,,,,,,
,,,,,,,,,,,,
,,,,,,,,,,,,
,,,,,,,,,,,,
,,,,,,,,,,,,
,,,,,,,,,,,,
,,,,,,,,,,,,
,,,,,,,,,,,,
,,,,,,,,,,,,
,,,,,,,,,,,,
,,,,,,,,,,,,
,,,,,,,,,,,,
,,,,,,,,,,,,
,,,,,,,,,,,,
,,,,,,,,,,,,
,,,,,,,,,,,,
,,,,,,,,,,,,
,,,,,,,,,,,,
,,,,,,,,,,,,
,,,,,,,,,,,,
,,,,,,,,,,,,
,,,,,,,,,,,,
,,,,,,,,,,,,
,,,,,,,,,,,,
,,,,,,,,,,,,
,,,,,,,,,,,,
,,,,,,,,,,,,
,,,,,,,,,,,,
,,,,,,,,,,,,
,,,,,,,,,,,,
,,,,,,,,,,,,
,,,,,,,,,,,,
,,,,,,,,,,,,
,,,,,,,,,,,,
,,,,,,,,,,,,
,,,,,,,,,,,,
,,,,,,,,,,,,
,,,,,,,,,,,,
,,,,,,,,,,,,
,,,,,,,,,,,,
,,,,,,,,,,,,
,,,,,,,,,,,,
,,,,,,,,,,,,
,,,,,,,,,,,,
,,,,,,,,,,,,
,,,,,,,,,,,,
,,,,,,,,,,,,
,,,,,,,,,,,,
,,,,,,,,,,,,
,,,,,,,,,,,,
,,,,,,,,,,,,
,,,,,,,,,,,,
,,,,,,,,,,,,
,,,,,,,,,,,,
,,,,,,,,,,,,
,,,,,,,,,,,,
,,,,,,,,,,,,
,,,,,,,,,,,,
,,,,,,,,,,,,
,,,,,,,,,,,,
,,,,,,,,,,,,
,,,,,,,,,,,,
,,,,,,,,,,,,
,,,,,,,,,,,,
,,,,,,,,,,,,
,,,,,,,,,,,,
,,,,,,,,,,,,
,,,,,,,,,,,,
,,,,,,,,,,,,
,,,,,,,,,,,,
,,,,,,,,,,,,
,,,,,,,,,,,,
,,,,,,,,,,,,
,,,,,,,,,,,,
,,,,,,,,,,,,
,,,,,,,,,,,,
,,,,,,,,,,,,
,,,,,,,,,,,,
,,,,,,,,,,,,
,,,,,,,,,,,,
,,,,,,,,,,,,
,,,,,,,,,,,,
,,,,,,,,,,,,
,,,,,,,,,,,,
,,,,,,,,,,,,
,,,,,,,,,,,,
,,,,,,,,,,,,
,,,,,,,,,,,,
,,,,,,,,,,,,
,,,,,,,,,,,,
,,,,,,,,,,,,
,,,,,,,,,,,,
,,,,,,,,,,,,
,,,,,,,,,,,,
,,,,,,,,,,,,
,,,,,,,,,,,,
,,,,,,,,,,,,
,,,,,,,,,,,,
,,,,,,,,,,,,
,,,,,,,,,,,,
,,,,,,,,,,,,
,,,,,,,,,,,,
,,,,,,,,,,,,
,,,,,,,,,,,,
,,,,,,,,,,,,
,,,,,,,,,,,,
,,,,,,,,,,,,
,,,,,,,,,,,,
,,,,,,,,,,,,
,,,,,,,,,,,,
,,,,,,,,,,,,
,,,,,,,,,,,,
,,,,,,,,,,,,
,,,,,,,,,,,,
,,,,,,,,,,,,
,,,,,,,,,,,,
,,,,,,,,,,,,
,,,,,,,,,,,,
,,,,,,,,,,,,
,,,,,,,,,,,,
,,,,,,,,,,,,
,,,,,,,,,,,,
,,,,,,,,,,,,
,,,,,,,,,,,,
,,,,,,,,,,,,
,,,,,,,,,,,,
,,,,,,,,,,,,
,,,,,,,,,,,,
,,,,,,,,,,,,
,,,,,,,,,,,,
,,,,,,,,,,,,
,,,,,,,,,,,,
,,,,,,,,,,,,
,,,,,,,,,,,,
,,,,,,,,,,,,
,,,,,,,,,,,,
,,,,,,,,,,,,
,,,,,,,,,,,,
,,,,,,,,,,,,
,,,,,,,,,,,,
,,,,,,,,,,,,
,,,,,,,,,,,,
,,,,,,,,,,,,
,,,,,,,,,,,,
,,,,,,,,,,,,
,,,,,,,,,,,,
,,,,,,,,,,,,
,,,,,,,,,,,,
,,,,,,,,,,,,
,,,,,,,,,,,,
,,,,,,,,,,,,
,,,,,,,,,,,,
,,,,,,,,,,,,
,,,,,,,,,,,,
,,,,,,,,,,,,
,,,,,,,,,,,,
,,,,,,,,,,,,
,,,,,,,,,,,,
,,,,,,,,,,,,
,,,,,,,,,,,,
,,,,,,,,,,,,
,,,,,,,,,,,,
,,,,,,,,,,,,
,,,,,,,,,,,,
,,,,,,,,,,,,
,,,,,,,,,,,,
,,,,,,,,,,,,
,,,,,,,,,,,,
,,,,,,,,,,,,
,,,,,,,,,,,,
,,,,,,,,,,,,
,,,,,,,,,,,,
,,,,,,,,,,,,
,,,,,,,,,,,,
,,,,,,,,,,,,
,,,,,,,,,,,,
,,,,,,,,,,,,
,,,,,,,,,,,,
,,,,,,,,,,,,
,,,,,,,,,,,,
,,,,,,,,,,,,
,,,,,,,,,,,,
,,,,,,,,,,,,
,,,,,,,,,,,,
,,,,,,,,,,,,
,,,,,,,,,,,,
,,,,,,,,,,,,
,,,,,,,,,,,,
,,,,,,,,,,,,
,,,,,,,,,,,,
,,,,,,,,,,,,
,,,,,,,,,,,,
,,,,,,,,,,,,
,,,,,,,,,,,,
,,,,,,,,,,,,
,,,,,,,,,,,,
,,,,,,,,,,,,
,,,,,,,,,,,,
,,,,,,,,,,,,
,,,,,,,,,,,,
,,,,,,,,,,,,
,,,,,,,,,,,,
,,,,,,,,,,,,
,,,,,,,,,,,,
,,,,,,,,,,,,
,,,,,,,,,,,,
,,,,,,,,,,,,
,,,,,,,,,,,,
,,,,,,,,,,,,
,,,,,,,,,,,,
,,,,,,,,,,,,
,,,,,,,,,,,,
,,,,,,,,,,,,
,,,,,,,,,,,,
,,,,,,,,,,,,
,,,,,,,,,,,,
,,,,,,,,,,,,
,,,,,,,,,,,,
,,,,,,,,,,,,
,,,,,,,,,,,,
,,,,,,,,,,,,
,,,,,,,,,,,,
,,,,,,,,,,,,
,,,,,,,,,,,,
,,,,,,,,,,,,
,,,,,,,,,,,,
,,,,,,,,,,,,
,,,,,,,,,,,,
,,,,,,,,,,,,
,,,,,,,,,,,,
,,,,,,,,,,,,
,,,,,,,,,,,,
,,,,,,,,,,,,
,,,,,,,,,,,,
,,,,,,,,,,,,
,,,,,,,,,,,,
,,,,,,,,,,,,
,,,,,,,,,,,,
,,,,,,,,,,,,
,,,,,,,,,,,,
,,,,,,,,,,,,
,,,,,,,,,,,,
,,,,,,,,,,,,
,,,,,,,,,,,,
,,,,,,,,,,,,
,,,,,,,,,,,,
,,,,,,,,,,,,
,,,,,,,,,,,,
,,,,,,,,,,,,
,,,,,,,,,,,,
,,,,,,,,,,,,
,,,,,,,,,,,,
,,,,,,,,,,,,
,,,,,,,,,,,,
,,,,,,,,,,,,
,,,,,,,,,,,,
,,,,,,,,,,,,
,,,,,,,,,,,,
,,,,,,,,,,,,
,,,,,,,,,,,,
,,,,,,,,,,,,
,,,,,,,,,,,,
,,,,,,,,,,,,
,,,,,,,,,,,,
,,,,,,,,,,,,
,,,,,,,,,,,,
,,,,,,,,,,,,
,,,,,,,,,,,,
,,,,,,,,,,,,
,,,,,,,,,,,,
,,,,,,,,,,,,
,,,,,,,,,,,,
,,,,,,,,,,,,
,,,,,,,,,,,,
,,,,,,,,,,,,
,,,,,,,,,,,,
,,,,,,,,,,,,
,,,,,,,,,,,,
,,,,,,,,,,,,
,,,,,,,,,,,,
,,,,,,,,,,,,
,,,,,,,,,,,,
,,,,,,,,,,,,
,,,,,,,,,,,,
,,,,,,,,,,,,
,,,,,,,,,,,,
,,,,,,,,,,,,
,,,,,,,,,,,,
,,,,,,,,,,,,
,,,,,,,,,,,,
,,,,,,,,,,,,
,,,,,,,,,,,,
,,,,,,,,,,,,
,,,,,,,,,,,,
,,,,,,,,,,,,
,,,,,,,,,,,,
,,,,,,,,,,,,
,,,,,,,,,,,,
,,,,,,,,,,,,
,,,,,,,,,,,,
,,,,,,,,,,,,
,,,,,,,,,,,,
,,,,,,,,,,,,
,,,,,,,,,,,,
,,,,,,,,,,,,
,,,,,,,,,,,,
,,,,,,,,,,,,
,,,,,,,,,,,,
,,,,,,,,,,,,
,,,,,,,,,,,,
,,,,,,,,,,,,
,,,,,,,,,,,,
,,,,,,,,,,,,
,,,,,,,,,,,,
,,,,,,,,,,,,
,,,,,,,,,,,,
,,,,,,,,,,,,
,,,,,,,,,,,,
,,,,,,,,,,,,
,,,,,,,,,,,,
,,,,,,,,,,,,
,,,,,,,,,,,,
,,,,,,,,,,,,
,,,,,,,,,,,,
,,,,,,,,,,,,
,,,,,,,,,,,,
,,,,,,,,,,,,
,,,,,,,,,,,,
,,,,,,,,,,,,
,,,,,,,,,,,,
,,,,,,,,,,,,
,,,,,,,,,,,,
,,,,,,,,,,,,
,,,,,,,,,,,,
,,,,,,,,,,,,
,,,,,,,,,,,,
,,,,,,,,,,,,
,,,,,,,,,,,,
,,,,,,,,,,,,
,,,,,,,,,,,,
,,,,,,,,,,,,
,,,,,,,,,,,,
,,,,,,,,,,,,
,,,,,,,,,,,,
,,,,,,,,,,,,
,,,,,,,,,,,,
,,,,,,,,,,,,
Ringkasan Kebijakan No. 17,January 2023,cutt.ly/cips-pb17,,Meningkatkan Partisipasi Petani dalam Sistem Resi Gudang,,Ringkasan Kebijakan,,Indonesia,Azizah Fauzi,,,
Ringkasan Kebijakan No. 18,February 2023,,,Mendirikan Perguruan Tinggi Luar Negeri di Indonesia,,Ringkasan Kebijakan,"Pendidikan, Peluang Ekonomi dan Kewirausahaan, Perdagangan dan Investasi",Indonesia,"Nadia Fairuza Azzahra, Natasya Zahra","cips, cips indonesia, ringkasan kebijakan cips, publikasi cips, perguruan tinggi luar negeri di Indonesia, perguruan tinggi dalam negeri, universitas lokal, Monash University Indonesia, Universitas Sultan Ageng Tirtayasa, Kemendikbudristek, sumber daya manusia, mutu pendidikan, kebijakan pendidikan","Pemerintah telah memberi wewenang kepada perguruan tinggi luar negeri (PTLN) untuk mendirikan kampus fisik di Indonesia, sebagaimana diatur dalam Peraturan Menteri Riset, Teknologi, dan Pendidikan Tinggi (Permenristekdikti) No. 53/2018. Melihat rendahnya kualitas perguruan tinggi dalam negeri, yang disebabkan oleh sejumlah faktor seperti rendahnya mutu pengajaran, riset, dan sumber daya manusia, keterbatasan pendanaan, dan tata kelola yang buruk, hadirnya PTLN di Indonesia membuka peluang bagi para mahasiswa Indonesia untuk memperoleh pendidikan kelas dunia di dalam negeri—opsi yang sebelumnya tidak tersedia.

Pemerintah telah memberi wewenang kepada perguruan tinggi luar negeri (PTLN) untuk mendirikan kampus fisik di Indonesia, sebagaimana diatur dalam Peraturan Menteri Riset, Teknologi, dan Pendidikan Tinggi (Permenristekdikti) No. 53/2018. Melihat rendahnya kualitas perguruan tinggi dalam negeri, yang disebabkan oleh sejumlah faktor seperti rendahnya mutu pengajaran, riset, dan sumber daya manusia, keterbatasan pendanaan, dan tata kelola yang buruk, hadirnya PTLN di Indonesia membuka peluang bagi para mahasiswa Indonesia untuk memperoleh pendidikan kelas dunia di dalam negeri—opsi yang sebelumnya tidak tersedia.",